{
  "C": 0.1,
  "E": 10,
  "num_rounds": 40,
  "test_accuracy": 0.4117647111415863,
  "test_loss": 2.4817678928375244
}